{"training_loss": 0.3882794664700826, "accuracy": 0.8173333333333334, "validation_loss": 0.3877809205055237}