{"MLP_run_1.pt": {"training_loss": 0.11278513903419177, "validation_loss": 1.739641764640808, "accuracy": 0.7301666666666666}, "MLP_run_2.pt": {"training_loss": 0.1246849663456281, "validation_loss": 1.4207001984914145, "accuracy": 0.7208333333333333}, "MLP_run_3.pt": {"training_loss": 0.10378354396422704, "validation_loss": 1.0737671415011087, "accuracy": 0.7173333333333334}, "MLP_run_4.pt": {"training_loss": 0.12909258244434993, "validation_loss": 0.9934486036300659, "accuracy": 0.7285}, "MLP_run_5.pt": {"training_loss": 0.09819174351294835, "validation_loss": 1.3866657835642497, "accuracy": 0.7353333333333333}, "MLP_run_6.pt": {"training_loss": 0.14977666544914245, "validation_loss": 1.41098881371816, "accuracy": 0.7246666666666667}, "MLP_run_7.pt": {"training_loss": 0.12421761216719945, "validation_loss": 0.9543684631983439, "accuracy": 0.7186666666666667}, "MLP_run_8.pt": {"training_loss": 0.1758100287516912, "validation_loss": 0.8348292016983032, "accuracy": 0.7155}, "MLP_run_9.pt": {"training_loss": 0.11288237298528353, "validation_loss": 1.6147791363398234, "accuracy": 0.7263333333333334}, "MLP_run_10.pt": {"training_loss": 0.17070532468954722, "validation_loss": 1.288134906609853, "accuracy": 0.719}, "MLP_run_11.pt": {"training_loss": 0.13349637845158577, "validation_loss": 1.1351665221850078, "accuracy": 0.7366666666666667}, "MLP_run_12.pt": {"training_loss": 0.18798295426368714, "validation_loss": 0.9847921954790751, "accuracy": 0.7176666666666667}, "MLP_run_13.pt": {"training_loss": 0.12896579824884732, "validation_loss": 1.4463936163584392, "accuracy": 0.711}, "MLP_run_14.pt": {"training_loss": 0.17939470946788788, "validation_loss": 1.195209713935852, "accuracy": 0.7178333333333333}, "MLP_run_15.pt": {"training_loss": 0.12054109140237172, "validation_loss": 1.0793927750587464, "accuracy": 0.7265}, "MLP_run_16.pt": {"training_loss": 0.2013280899922053, "validation_loss": 0.8507752787272136, "accuracy": 0.7098333333333333}, "CNN_run_1.pt": {"training_loss": 0.39855894875526426, "validation_loss": 0.4123590160210927, "accuracy": 0.7648333333333334}, "CNN_run_2.pt": {"training_loss": 0.3987437464396159, "validation_loss": 0.40929656966527306, "accuracy": 0.7651666666666667}, "CNN_run_3.pt": {"training_loss": 0.4104351370334625, "validation_loss": 0.4080694648424784, "accuracy": 0.7768333333333334}, "CNN_run_4.pt": {"training_loss": 0.3900397436618805, "validation_loss": 0.38091168196996056, "accuracy": 0.769}, "CNN_run_5.pt": {"training_loss": 0.40988550170262655, "validation_loss": 0.39683081428209943, "accuracy": 0.7616666666666667}, "CNN_run_6.pt": {"training_loss": 0.4118711753686269, "validation_loss": 0.4054239630699158, "accuracy": 0.7633333333333333}, "CNN_run_7.pt": {"training_loss": 0.3853212473789851, "validation_loss": 0.39458932224909465, "accuracy": 0.7661666666666667}, "CNN_run_8.pt": {"training_loss": 0.3984085904757182, "validation_loss": 0.38981733695665993, "accuracy": 0.7835}, "CNN_run_9.pt": {"training_loss": 0.39851678029696147, "validation_loss": 0.40005066657066346, "accuracy": 0.7693333333333333}, "CNN_run_10.pt": {"training_loss": 0.38452161399523416, "validation_loss": 0.37618819252649943, "accuracy": 0.7915}, "CNN_run_11.pt": {"training_loss": 0.39744473600387575, "validation_loss": 0.42016590396563214, "accuracy": 0.7656666666666667}, "CNN_run_12.pt": {"training_loss": 0.40020403933525084, "validation_loss": 0.3978964653015137, "accuracy": 0.7655}}