{"MLP_run_1.pt": {"training_loss": 0.11278513903419177, "validation_loss": 1.739641764640808, "accuracy": 0.7301666666666666}, "MLP_run_2.pt": {"training_loss": 0.1246849663456281, "validation_loss": 1.4207001984914145, "accuracy": 0.7208333333333333}, "MLP_run_3.pt": {"training_loss": 0.10378354396422704, "validation_loss": 1.0737671415011087, "accuracy": 0.7173333333333334}, "MLP_run_4.pt": {"training_loss": 0.12909258244434993, "validation_loss": 0.9934486036300659, "accuracy": 0.7285}, "MLP_run_5.pt": {"training_loss": 0.09819174351294835, "validation_loss": 1.3866657835642497, "accuracy": 0.7353333333333333}, "MLP_run_6.pt": {"training_loss": 0.14977666544914245, "validation_loss": 1.41098881371816, "accuracy": 0.7246666666666667}, "MLP_run_7.pt": {"training_loss": 0.12421761216719945, "validation_loss": 0.9543684631983439, "accuracy": 0.7186666666666667}, "MLP_run_8.pt": {"training_loss": 0.1758100287516912, "validation_loss": 0.8348292016983032, "accuracy": 0.7155}, "MLP_run_9.pt": {"training_loss": 0.11288237298528353, "validation_loss": 1.6147791363398234, "accuracy": 0.7263333333333334}, "MLP_run_10.pt": {"training_loss": 0.17070532468954722, "validation_loss": 1.288134906609853, "accuracy": 0.719}, "MLP_run_11.pt": {"training_loss": 0.13349637845158577, "validation_loss": 1.1351665221850078, "accuracy": 0.7366666666666667}, "MLP_run_12.pt": {"training_loss": 0.18798295426368714, "validation_loss": 0.9847921954790751, "accuracy": 0.7176666666666667}, "MLP_run_13.pt": {"training_loss": 0.12896579824884732, "validation_loss": 1.4463936163584392, "accuracy": 0.711}, "MLP_run_14.pt": {"training_loss": 0.17939470946788788, "validation_loss": 1.195209713935852, "accuracy": 0.7178333333333333}, "MLP_run_15.pt": {"training_loss": 0.12054109140237172, "validation_loss": 1.0793927750587464, "accuracy": 0.7265}, "MLP_run_16.pt": {"training_loss": 0.2013280899922053, "validation_loss": 0.8507752787272136, "accuracy": 0.7098333333333333}}